CRIM,ZN,INDUS,CHAS,RM,AGE,TAX,B,LSTAT,MEDV
4.635703939418274e-06,0.003130434782608696,0.0004546626540883228,0.0,0.00219900915824605,0.002040746061704399,0.0015851764579874685,0.0008645998447887026,0.00217795725758882,396.9
2.0031815598973587e-05,0.0,0.0013915432746339576,0.0,0.0021475038486840894,0.0024695531329521022,0.0012959888609221871,0.0015868358597125986,0.001960161531829938,396.9
2.001714564979821e-05,0.0,0.0013915432746339576,0.0,0.0024030236961213487,0.0019124169381923124,0.0012959888609221871,0.0006996661394575244,0.003148963201597169,392.83
2.3743312740343282e-05,0.0,0.0004290755783171185,0.0,0.0023404815345103966,0.0014335302089886726,0.0011888823434906015,0.0005104264143933304,0.0030309905168111073,394.63
5.0647999527979716e-05,0.0,0.0004290755783171185,0.0,0.0023903145937619044,0.0016964484132573376,0.0011888823434906015,0.0009253648941212418,0.00328508553019647,396.9
2.189489914424612e-05,0.0,0.0004290755783171185,0.0,0.002150513899242905,0.0018372974512584081,0.0011888823434906015,0.000904531162921514,0.0026044738871999636,394.12
6.476049063468977e-05,0.002173913043478261,0.0015490022024567532,0.0,0.0020107137732890117,0.0020845657624158427,0.0016655063460611578,0.002158027323438468,0.0020781342166159987,395.6
0.00010602705766501765,0.002173913043478261,0.0015490022024567532,0.0,0.0020642257832235163,0.0030079094559784156,0.0016655063460611578,0.003324716270623223,0.0024592767366940424,396.9
0.0001549440031903032,0.002173913043478261,0.0015490022024567532,0.0,0.0018832882996324728,0.00312997862224601,0.0016655063460611578,0.005196279790065435,0.0014973456145923136,386.63
0.00012472390788903216,0.002173913043478261,0.0015490022024567532,0.0,0.0020080381727922863,0.002688651636509323,0.0016655063460611578,0.0029688066959612076,0.0017151413403511955,386.71
0.00016495624350249615,0.002173913043478261,0.0015490022024567532,0.0,0.0021327880459521007,0.0029515698407779874,0.0016655063460611578,0.003550415025286941,0.0013612232859930124,392.52
8.616394648156086e-05,0.002173913043478261,0.0015490022024567532,0.0,0.00200971042310274,0.0025947522778419427,0.0016655063460611578,0.0023038634418365627,0.0017151413403511955,396.9
6.878739168333002e-05,0.002173913043478261,0.0015490022024567532,0.0,0.0019695764156518617,0.001220691662675944,0.0016655063460611578,0.002727482642897694,0.001969236353736558,390.5
0.00046192735963418544,0.0,0.001602144590596947,0.0,0.001989643419377301,0.0019343267885480343,0.0016440850425748408,0.0014340551642479282,0.0018512636689504967,396.9
0.0004679420387960889,0.0,0.001602144590596947,0.0,0.0020388075785046267,0.0026448319357978787,0.0016440850425748408,0.0017812840175767243,0.001651617587004855,380.02
0.0004601889706569036,0.0,0.001602144590596947,0.0,0.0019511816622368753,0.0017684379215689957,0.0016440850425748408,0.001470514193847452,0.0018058895594173963,395.62
0.000773054976720111,0.0,0.001602144590596947,0.0,0.0019849611185080314,0.000917083736318081,0.0016440850425748408,0.0011423829274517395,0.002096283860429239,386.85
0.0005752087071664257,0.0,0.001602144590596947,0.0,0.0020033558719230174,0.0025571925343749902,0.0016440850425748408,0.00254692363916672,0.0015880938336585145,386.75
0.0005887857451282346,0.0,0.001602144590596947,0.0,0.0018247595387666084,0.0011455721757420397,0.0016440850425748408,0.0020295526477068135,0.0018331140251372567,288.99
0.0005323724555743327,0.0,0.001602144590596947,0.0,0.0019153955055931757,0.002175335142460977,0.0016440850425748408,0.0019583707327744102,0.001651617587004855,390.95
0.0009181847839120887,0.0,0.001602144590596947,0.0,0.001862886845844943,0.0030705090284233356,0.0016440850425748408,0.0036493752484856477,0.0012341757793003312,376.57
0.0006249691747692952,0.0,0.001602144590596947,0.0,0.0019949946203707512,0.0027919409310434413,0.0016440850425748408,0.002401087520768626,0.0017786650936975363,392.53
0.0009040136130086772,0.0,0.001602144590596947,0.0,0.002054192281360797,0.0028701903965995916,0.0016440850425748408,0.0032500620671575323,0.0013793729298062524,396.9
0.0007250108931707602,0.0,0.001602144590596947,0.0,0.0019441582109329717,0.00312997862224601,0.0016440850425748408,0.003451454802088234,0.001315849176459912,394.54
0.0005503138034158155,0.0,0.001602144590596947,0.0,0.0019812821678250343,0.0029453098835334956,0.0016440850425748408,0.002829915154629689,0.0014156722174327328,394.33
0.000616533953993455,0.0,0.001602144590596947,0.0,0.0018725858976455718,0.0026823916792648307,0.0016440850425748408,0.0028663741842292127,0.0012614002450201916,303.42
0.0004928442775212868,0.0,0.001602144590596947,0.0,0.0019441582109329717,0.002826370695888147,0.0016440850425748408,0.002571229658899736,0.0015064204364989339,376.88
0.0007010548661673739,0.0,0.001602144590596947,0.0,0.0020224195254621847,0.002779421016554457,0.0016440850425748408,0.003000057292760799,0.0013430736421797722,306.38
0.0005669862006536284,0.0,0.001602144590596947,0.0,0.002172253153278798,0.0029546998194002337,0.0016440850425748408,0.002222264661304296,0.001669767230818095,387.94
0.0007352945275426976,0.0,0.001602144590596947,0.0,0.002232119714393025,0.0027324713372207667,0.0016440850425748408,0.0020799008314394893,0.0019057126003902173,380.23
0.0008294462613502498,0.0,0.001602144590596947,0.0,0.0019107132047239063,0.0029453098835334956,0.0016440850425748408,0.003923686042615397,0.0011525023821407504,360.17
0.0009936836773431525,0.0,0.001602144590596947,0.0,0.0020307807770144513,0.00312997862224601,0.0016440850425748408,0.002263932123703751,0.001315849176459912,376.73
0.0010180871377963878,0.0,0.001602144590596947,0.0,0.0019899778694393916,0.0025665824702417283,0.0016440850425748408,0.004810855762870471,0.0011978764916738508,232.6
0.0008447836932131036,0.0,0.001602144590596947,0.0,0.0019066998039788184,0.0029734796911337095,0.0016440850425748408,0.0031858247292917054,0.0011888016697672308,358.77
0.0011829993714513576,0.0,0.001602144590596947,0.0,0.0020388075785046267,0.003032949284956384,0.0016440850425748408,0.003531317438353857,0.0012251009573937112,248.31
4.70685319291884e-05,0.0,0.0011730690122798285,0.0,0.00198429221838385,0.002134645420371779,0.0014941359181706206,0.0016805876501113735,0.0017151413403511955,396.9
7.147199238242352e-05,0.0,0.0011730690122798285,0.0,0.00195352281267151,0.0019218068740590503,0.0014941359181706206,0.0019809406082407824,0.0018149643813240165,377.56
5.878248634572476e-05,0.0,0.0011730690122798285,0.0,0.0019565328632303257,0.0012989411282320943,0.0014941359181706206,0.0015225985218467713,0.0019057126003902173,396.9
0.00012839873015746343,0.0,0.0011730690122798285,0.0,0.001995329070432842,0.000945253543918295,0.0014941359181706206,0.0017587141421103528,0.0022414810109351604,393.43
2.0266534785779573e-05,0.013043478260869565,0.0005806297963465594,0.0,0.002205698159487863,0.0006823353396496302,0.0013495421196379799,0.0007500143231901998,0.0027950451472389857,395.63
2.463817964004111e-05,0.013043478260869565,0.0005806297963465594,0.0,0.002349177236124754,0.0004945366223148696,0.0013495421196379799,0.00034375656479550823,0.0031671128454104085,395.62
9.347691614548494e-05,0.0,0.0013600514890693984,0.0,0.0022642269203537275,9.076938004513429e-05,0.0012477909280779736,0.0008402938250556867,0.002413902627160942,385.41
0.00010378989041577305,0.0,0.0013600514890693984,0.0,0.0020632224330372445,0.00020657858906823667,0.0012477909280779736,0.0010086998189201529,0.0022959299423748808,383.37
0.0001168901550293823,0.0,0.0013600514890693984,0.0,0.002077269335645052,0.00020344861044599067,0.0012477909280779736,0.0012916913343831219,0.0022414810109351604,394.46
8.999280321633355e-05,0.0,0.0013600514890693984,0.0,0.002029777426828179,0.0012519914488984042,0.0012477909280779736,0.001658017774645002,0.0019238622442034575,389.39
0.000125736134382133,0.0,0.0013600514890693984,0.0,0.0019003452527990962,0.0010579327743191513,0.0012477909280779736,0.0017726032962435048,0.001751440627977676,396.9
0.000138161581333675,0.0,0.0013600514890693984,0.0,0.0019351280592565239,0.0010422828812079214,0.0012477909280779736,0.002456644137301233,0.0018149643813240165,396.9
0.0001681689623719031,0.0,0.0013600514890693984,0.0,0.0020167338744066436,0.002676131722020339,0.0012477909280779736,0.0032639512212906843,0.0015064204364989339,392.74
0.00018621299985761348,0.0,0.0013600514890693984,0.0,0.001805695885227441,0.0029828696270004476,0.0012477909280779736,0.005349060485530105,0.001306774354553292,396.9
0.0001612007365136003,0.0,0.0013600514890693984,0.0,0.001873589247831844,0.0019405867457925263,0.0012477909280779736,0.002812553711963249,0.0017605154498842959,396.9
6.508322951654802e-05,0.0036521739130434784,0.0011100854411507102,0.0,0.0019943257202465698,0.0014304002303664267,0.0013013441867937665,0.0023351140386361543,0.0017877399156041563,395.56
3.1811784786799136e-05,0.0036521739130434784,0.0011100854411507102,0.0,0.0020451621296843493,0.0019718865320149863,0.0013013441867937665,0.001637184043445274,0.001860338490857117,393.97
3.9315463790003085e-05,0.0036521739130434784,0.0011100854411507102,0.0,0.0021776043542722483,0.0006604254892939082,0.0013013441867937665,0.000916684172788022,0.0022687054766550208,396.9
3.653550842126965e-05,0.0036521739130434784,0.0011100854411507102,0.0,0.0020060314724197428,0.0006698154251606461,0.0013013441867937665,0.0014635696167808758,0.002123508326149099,396.9
9.975565439254513e-06,0.013043478260869565,0.0007872946391139788,0.0,0.001969241965589771,0.0014898698241891009,0.002511647833770685,0.0025694935146330917,0.0017151413403511955,396.9
9.616151684457843e-06,0.01565217391304348,0.00024012486492976353,0.0,0.002424428500095151,0.0006854653182718762,0.0012103036469769185,0.0008350853922557547,0.003212486954943509,395.93
1.5073372777697075e-05,0.014782608695652174,0.00014564950823608608,0.0,0.0021347947463246446,0.0011174023681418258,0.0016762169978043163,0.0010017552418535769,0.0022414810109351604,396.9
1.0503683609567986e-05,0.017391304347826087,0.00025980723090761305,0.0,0.0022796116232098977,0.001267641342009634,0.001370963423124297,0.0006857769853243725,0.002867643722491946,392.9
0.00011328868250682791,0.004347826086956522,0.0010097053746636778,0.0,0.0020551956315470687,0.0009139537576958349,0.001520912547528517,0.001190994966917771,0.002114433504242479,390.68
7.57556175416328e-05,0.004347826086956522,0.0010097053746636778,0.0,0.001982285518011306,0.0014773499097001169,0.001520912547528517,0.0016007250138457506,0.0017786650936975363,396.9
0.0001095258405433444,0.004347826086956522,0.0010097053746636778,0.0,0.0019200778064624446,0.0020720458479268587,0.001520912547528517,0.002283029710636835,0.0016969916965379555,395.11
0.0001259488486451759,0.004347826086956522,0.0010097053746636778,0.0,0.001995329070432842,0.0029234000331777735,0.001520912547528517,0.002506992321033908,0.0014519715050592132,378.08
8.088276477842612e-05,0.004347826086956522,0.0010097053746636778,0.0,0.0021592096008572624,0.0021221255058827947,0.001520912547528517,0.0011684250914513993,0.0020146104632696583,396.9
9.278742853424234e-05,0.004347826086956522,0.0010097053746636778,0.0,0.002261551319857002,0.0013584107220547684,0.001520912547528517,0.001649337053311782,0.0022687054766550208,395.58
1.4310535420577614e-05,0.003043478260869565,0.00027161665049432266,0.0,0.002375933241092006,0.0018623372802363761,0.0011567503882611257,0.0013975961346484047,0.0029946912291846273,393.24
2.6288548922270715e-05,0.01391304347826087,0.0006632957334535271,0.0,0.0021036908905502135,0.0005571361947597899,0.0018047448187222192,0.0008107793725227391,0.0021325831480557196,396.9
3.2119853719482e-05,0.01391304347826087,0.0006632957334535271,0.0,0.0019354625093186146,0.0009734233515185092,0.0018047448187222192,0.0017778117290434365,0.0017605154498842959,396.9
4.246216788812087e-05,0.002173913043478261,0.0011947196148554629,0.0,0.0019658974649688645,0.0006698154251606461,0.0018475874256948534,0.0014062768559816245,0.0019964608194564183,396.21
9.941824556151152e-05,0.002173913043478261,0.0011947196148554629,0.0,0.0018709136473351185,0.0011518321329865317,0.0018475874256948534,0.002272612845036971,0.0015790190117518942,396.9
9.40050343157984e-05,0.002173913043478261,0.0011947196148554629,0.0,0.0019682386154034988,0.0010328929453411835,0.0018475874256948534,0.001526070810380059,0.001896637778483597,396.9
6.473848571092672e-05,0.0,0.002127663762205528,0.0,0.002146166048435727,0.00020657858906823667,0.001633374390831682,0.0011666889471847553,0.00219610690140206,383.73
0.00011645005655412107,0.0,0.002127663762205528,0.0,0.0019936568201223887,0.0005477462588930517,0.001633374390831682,0.0017153105354442532,0.001969236353736558,376.94
6.721770712156497e-05,0.0,0.002127663762205528,0.0,0.0020284396265798166,0.00024413833253518878,0.001633374390831682,0.0009583516351874775,0.0020690593947093787,390.91
0.00014331806846881907,0.0,0.002127663762205528,0.0,0.0020886406377561345,0.00019405867457925264,0.001633374390831682,0.0013090527770495616,0.002123508326149099,377.17
5.791695934437767e-05,0.0,0.002525247554958087,0.0,0.0020980052394946724,0.0001877987173347606,0.002131419696888556,0.001177105812784619,0.00218703207949544,394.92
6.97702782780801e-05,0.0,0.002525247554958087,0.0,0.002102353090301851,0.0014084903800107046,0.002131419696888556,0.0015521129743797189,0.0019420118880166975,383.23
7.447199698878755e-05,0.0,0.002525247554958087,0.0,0.0021000119398672163,0.0023318340735732778,0.002131419696888556,0.0020781646871728455,0.0018149643813240165,373.66
6.386562373499195e-05,0.0,0.002525247554958087,0.0,0.0020535233812366154,0.0014335302089886726,0.002131419696888556,0.0017830201618433683,0.0018875629565769773,386.96
4.1413266522081604e-05,0.0,0.002525247554958087,0.0,0.002084292786948956,0.0016807985201461077,0.002131419696888556,0.0021424020250386724,0.0019238622442034575,386.4
6.151843186693206e-05,0.0,0.002525247554958087,0.0,0.0019645596647205016,0.0011455721757420397,0.002131419696888556,0.0015798912826460226,0.001842188847043877,396.06
3.0168750479157216e-05,0.004347826086956522,0.0009565629865234843,0.0,0.0022498455676838295,0.0010485428384524134,0.0015048465699137792,0.0009184203170546659,0.0025409501338536232,396.9
3.272865661026003e-05,0.004347826086956522,0.0009565629865234843,0.0,0.0022137249609780387,0.0022035049500611914,0.0015048465699137792,0.001253496160516954,0.0021688824356821995,395.63
2.6838672016347253e-05,0.004347826086956522,0.0009565629865234843,0.0,0.0021077042912953014,0.0010078531163632155,0.0015048465699137792,0.0011666889471847553,0.0022505558328417804,396.9
2.604649476087704e-05,0.004347826086956522,0.0009565629865234843,0.0,0.002062553532913063,0.0014617000165888868,0.0015048465699137792,0.0013038443442496296,0.0020781342166159987,390.64
3.7107636439109255e-05,0.0,0.0008837382324054413,0.0,0.0021368014466971886,0.0015023897386780849,0.0013227654902800835,0.0016701707845115095,0.0021688824356821995,396.9
4.206607926038576e-05,0.0,0.0008837382324054413,0.0,0.002217403911661036,0.0017559180070800117,0.0013227654902800835,0.0011337022061185197,0.002413902627160942,392.3
3.8053848160920894e-05,0.0,0.0008837382324054413,0.0,0.002011717123475284,0.0014116203586329507,0.0013227654902800835,0.0022326815269041594,0.0020418349289895187,395.99
5.2452403276550756e-05,0.0,0.0008837382324054413,0.0,0.0020471688300568933,0.0017778278574357338,0.0013227654902800835,0.0014653057610475198,0.0020146104632696583,395.15
4.151595616630922e-05,0.0,0.000671168679844667,0.0,0.0023434915850692123,0.002701171550998307,0.001445937985326407,0.0009548793466541896,0.0021416579699623395,396.9
3.889003526391722e-05,0.0,0.000671168679844667,0.0,0.00236757198953974,0.0019750165106372326,0.001445937985326407,0.0009896022319870691,0.0026044738871999636,396.06
3.4357020968726575e-05,0.0,0.000671168679844667,0.0,0.002146166048435727,0.0020689158693046124,0.001445937985326407,0.0015295430989133473,0.0020509097508961387,392.18
2.8841120078785843e-05,0.0,0.000671168679844667,0.0,0.002142152647690639,0.0023130542018398015,0.001445937985326407,0.0014236382986480643,0.0019964608194564183,393.55
3.0828898192049054e-05,0.004869565217391304,0.00296022784306856,0.0,0.002154527299987993,0.0016776685415238616,0.001445937985326407,0.0014166937215814885,0.0020781342166159987,395.01
2.1088051939600534e-05,0.004869565217391304,0.00296022784306856,0.0,0.002077269335645052,0.0009045638218290969,0.001445937985326407,0.0010781455895859122,0.0022687054766550208,396.33
3.1496380879528584e-05,0.004869565217391304,0.00296022784306856,0.0,0.002089978438004497,0.0024194734749961658,0.001445937985326407,0.0018385767783759758,0.0018694133127637371,396.9
8.951602986813387e-05,0.0,0.0005688203767598497,0.0,0.0022157316613505827,0.0018091276436581938,0.0014780699405558828,0.0011545359373182475,0.002577249421480103,357.98
8.438154765675289e-05,0.0,0.0005688203767598497,0.0,0.0020612157326647005,0.002178465121083223,0.0014780699405558828,0.0019687875983742742,0.0019420118880166975,391.83
8.862849794302375e-05,0.0,0.0005688203767598497,0.0,0.0026986775510094876,0.002378783752906968,0.0014780699405558828,0.000730916736257116,0.003511956077861972,396.9
6.0051436949394633e-05,0.0,0.0005688203767598497,0.0,0.0026153994855489145,0.0011549621116087778,0.0014780699405558828,0.0006198035031919012,0.003974771995099596,393.53
5.031792567153379e-05,0.0,0.0005688203767598497,0.0,0.0024802816604642904,0.0019562366389037564,0.0014780699405558828,0.0010746733010526242,0.0030128408729978677,396.9
0.00010904173222055704,0.0,0.0016848105277039148,0.0,0.0022498455676838295,0.0025008529191745624,0.0020564451346864457,0.00163544789917863,0.002495576024320523,394.76
8.385342948643941e-05,0.0,0.0016848105277039148,0.0,0.0022679058710367247,0.0022316747576614053,0.0020564451346864457,0.0013316226525159334,0.002404827805254322,395.58
0.0001552153972500476,0.0,0.0016848105277039148,0.0,0.0020525200310503437,0.002735601315843013,0.0020564451346864457,0.0023333778943695105,0.001751440627977676,394.47
0.00010239624524411251,0.0,0.0016848105277039148,0.0,0.002062553532913063,0.0028169807600214093,0.0020564451346864457,0.0021406658807720286,0.0018240392032306367,392.69
9.727643298190687e-05,0.0,0.0016848105277039148,0.0,0.0019568673132924165,0.003026689327711892,0.0020564451346864457,0.0028594296071626363,0.001769590271790916,394.05
0.00012557476494120387,0.0,0.0016848105277039148,0.0,0.0019518505623610568,0.0028764503538440834,0.0020564451346864457,0.0032396452015576683,0.001769590271790916,395.67
9.621286166669226e-05,0.0,0.0016848105277039148,0.0,0.0020491755304294372,0.002666741786153601,0.0020564451346864457,0.0024462272717013693,0.0018512636689504967,387.69
9.39023446715708e-05,0.0,0.0016848105277039148,0.0,0.0021652297019748943,0.003039209242200876,0.0020564451346864457,0.0021302490151721646,0.0017968147375107765,395.24
0.0001933719350551961,0.0,0.0016848105277039148,0.0,0.0020832894367626836,0.0028545405034883613,0.0020564451346864457,0.0026997043346313906,0.0017605154498842959,391.23
7.916638072490732e-05,0.0,0.0016848105277039148,0.0,0.002071918134651602,0.0017027083705018296,0.0020564451346864457,0.0022569875466371754,0.001969236353736558,393.49
7.396588374223715e-05,0.0,0.001970204834382732,0.0,0.0022458321669387416,0.0025540625557527443,0.0023135007765222515,0.0017639225749102848,0.0020690593947093787,395.59
9.043290169159477e-05,0.0,0.001970204834382732,0.0,0.001977603217142037,0.0029077501400665436,0.0023135007765222515,0.002814289856229893,0.0017060665184445757,394.95
0.00016292445554170681,0.0,0.001970204834382732,0.0,0.002037469778256264,0.002985999605622694,0.0023135007765222515,0.0029670705516945633,0.0016969916965379555,396.9
0.00010438402335737571,0.0,0.001970204834382732,0.0,0.00209165068831495,0.0026354419999311406,0.0023135007765222515,0.00181427075864296,0.0016788420527247153,388.74
0.00012567745458543148,0.0,0.001970204834382732,0.0,0.0019826199680733968,0.002760641144820981,0.0023135007765222515,0.002736163364230914,0.0016606924089114753,344.91
9.651359562478742e-05,0.0,0.001970204834382732,0.0,0.002065563583471879,0.0022692345011283573,0.0023135007765222515,0.002090317697039353,0.0019238622442034575,393.3
0.00011074344632490048,0.0,0.001970204834382732,0.0,0.002013723823847828,0.002585362341975204,0.0023135007765222515,0.0017882285946433005,0.0017423658060710559,394.51
9.57800981660187e-05,0.0,0.001970204834382732,0.0,0.00196389076459632,0.002288014372861833,0.0023135007765222515,0.0026684537378317986,0.0018512636689504967,338.63
0.00010618109213135907,0.0,0.001970204834382732,0.0,0.001916733305841538,0.002040746061704399,0.0023135007765222515,0.002362892346902458,0.001751440627977676,391.5
5.060398968045359e-05,0.0,0.005048526873318389,0.0,0.001963221864472139,0.0021815950997054693,0.0010068012638569056,0.0024948393111674004,0.0019964608194564183,389.15
5.255509292077838e-05,0.0,0.005048526873318389,0.0,0.0020080381727922863,0.0026323120213088943,0.0010068012638569056,0.002477477868500961,0.001842188847043877,377.67
6.820792869090274e-05,0.0,0.005048526873318389,0.0,0.0019936568201223887,0.0029077501400665436,0.0010068012638569056,0.003112906670092658,0.001860338490857117,378.09
0.00011030334784963925,0.0,0.005048526873318389,0.0,0.0019585395636028697,0.00303607926357863,0.0010068012638569056,0.004411542581542356,0.0015699441898452743,370.31
7.224216471413066e-05,0.0,0.005048526873318389,0.0,0.001966231915030955,0.0029985195201116775,0.0010068012638569056,0.003052141620760118,0.0017060665184445757,379.38
0.00012397574048108809,0.0,0.005048526873318389,0.0,0.002002018071674655,0.0027669011020654733,0.0010068012638569056,0.002571229658899736,0.0019420118880166975,385.02
0.00028412024065406147,0.0,0.005048526873318389,0.0,0.0018772681985148411,0.0029922595628671857,0.0010068012638569056,0.0047327292708714925,0.0014247470393393528,359.29
0.00019008586643991227,0.0,0.0043084699125512495,0.0,0.0019040242034820932,0.0030047794773561697,0.0023402774058801476,0.0029844319943610033,0.0014701211488724532,392.11
0.00023870207800710266,0.0,0.0043084699125512495,0.0,0.002150848349304996,0.003092418878779058,0.0023402774058801476,0.0026719260263650866,0.0016334679431916149,396.9
0.0006463946355399294,0.0,0.0043084699125512495,0.0,0.0018852950000050165,0.002964089755266972,0.0023402774058801476,0.0031840885850250612,0.0012976995326466718,396.9
0.0002494331458288889,0.0,0.0043084699125512495,0.0,0.0021598785009814435,0.003095548857401304,0.0023402774058801476,0.002187541775971416,0.0017423658060710559,395.04
0.0008750184584635499,0.0,0.0043084699125512495,0.0,0.0021157310927854773,0.003057989113934352,0.0023402774058801476,0.002128512870905521,0.0017786650936975363,396.9
0.0004328001755464798,0.0,0.0043084699125512495,0.0,0.0021311157956416475,0.0030642490711788443,0.0023402774058801476,0.0019305924245081067,0.002087209038522619,385.76
0.00024192213185109733,0.0,0.0043084699125512495,0.0,0.0019471682614917876,0.002985999605622694,0.0023402774058801476,0.002609424832765903,0.001669767230818095,388.69
0.0007160182143262558,0.0,0.0043084699125512495,0.0,0.001925429007455895,0.003079898964290074,0.0023402774058801476,0.003005265725560731,0.0014156722174327328,262.76
0.00040913021255201343,0.0,0.0043084699125512495,0.0,0.002118741143344293,0.003073639007045582,0.0023402774058801476,0.002944500676228192,0.001642542765098235,394.67
0.00023665562009713795,0.0,0.0043084699125512495,0.0,0.001987302268942666,0.0029265300118000194,0.0023402774058801476,0.0029340838106283276,0.0015790190117518942,378.25
0.00025843315964798106,0.0,0.0043084699125512495,0.0,0.002158540700733081,0.003079898964290074,0.0023402774058801476,0.002533034485033568,0.0015517945460320343,394.08
0.0001832276652004248,0.0,0.0043084699125512495,0.0,0.0019588740136649604,0.003073639007045582,0.0023402774058801476,0.0037014595764849672,0.001206951313580471,392.04
0.00039940403624874024,0.0,0.0043084699125512495,0.0,0.0020572023319196126,0.0030642490711788443,0.0023402774058801476,0.0032049223162247888,0.0016153182993783747,396.9
0.00021337441075581896,0.0,0.0043084699125512495,0.0,0.002064894683347698,0.0029296599904222653,0.0023402774058801476,0.004194524548211858,0.0012704750669268116,388.08
0.0011946033012490789,0.0,0.0043084699125512495,0.0,0.0016786048616329926,0.00312997862224601,0.0023402774058801476,0.0059740724215219376,0.001306774354553292,396.9
0.0024359817354438385,0.0,0.003853807258462926,0.029411764705882353,0.0018070336854758035,0.00312997862224601,0.002158196326246452,0.004656338923139157,0.001216026135487091,396.9
0.00300543248755893,0.0,0.003853807258462926,0.0,0.001828772939511696,0.00312997862224601,0.002158196326246452,0.004586893152473398,0.0014156722174327328,396.9
0.0020389322260377456,0.0,0.003853807258462926,0.0,0.0016398086544304764,0.003061119092556598,0.002158196326246452,0.00508516655700022,0.0010708289849811698,396.9
0.0017452398435467524,0.0,0.003853807258462926,0.0,0.002050178880615709,0.00312997862224601,0.002158196326246452,0.004826481061270267,0.0012523254231135714,172.91
0.0015807236985195176,0.0,0.003853807258462926,0.0,0.0018822849494462008,0.00312997862224601,0.002158196326246452,0.002890680203962228,0.0014156722174327328,169.27
0.0017373767507887518,0.0,0.003853807258462926,0.0,0.0016475010058585617,0.002995389541489432,0.002158196326246452,0.005126834019399676,0.001324923998366532,391.71
0.001709775241415285,0.0,0.003853807258462926,0.0,0.0017344580220021316,0.0029359199476667575,0.002158196326246452,0.004916760563135754,0.0016153182993783747,356.99
0.0020053600473499016,0.0,0.003853807258462926,0.0,0.0018719169975213905,0.002970349712511464,0.002158196326246452,0.003724029451951339,0.0013975225736194928,351.85
0.001215111890196252,0.0,0.003853807258462926,0.0,0.002047503280118984,0.0030454691994453676,0.002158196326246452,0.002447963415968013,0.0019510867099233177,372.8
0.0010975469175048024,0.0,0.003853807258462926,0.0,0.0018073681355378942,0.00312997862224601,0.002158196326246452,0.0023055995861032065,0.0017786650936975363,341.6
0.000826343567099658,0.0,0.003853807258462926,0.029411764705882353,0.0016762637111983577,0.002754381187576489,0.002158196326246452,0.002104206851172505,0.0013884477517128726,343.28
0.001576418068436545,0.0,0.003853807258462926,0.0,0.0019093754044755436,0.00308302894291232,0.002158196326246452,0.0027413717970308457,0.0017605154498842959,261.95
0.0010370553820801467,0.0,0.003853807258462926,0.029411764705882353,0.0020498444305536183,0.0030047794773561697,0.002158196326246452,0.0026250501311656993,0.001542719724125414,321.02
0.0008974928206002232,0.0,0.003853807258462926,0.0,0.0023220867810954107,0.003048599178067614,0.002158196326246452,0.0007968902183895872,0.0037479014474340938,363.43
0.0009849697275329803,0.0,0.003853807258462926,0.0,0.0020287740766419073,0.00312997862224601,0.002158196326246452,0.0011163407634520797,0.00220518172330868,353.89
0.0010452485486945932,0.0,0.003853807258462926,0.0,0.0021772699042101576,0.00312997862224601,0.002158196326246452,0.0012830106130499019,0.002114433504242479,364.31
0.0009340796738436069,0.0,0.003853807258462926,0.029411764705882353,0.0020903128880665877,0.002898360204199805,0.002158196326246452,0.0009548793466541896,0.0024502019147874224,338.92
0.0010733708412637856,0.0,0.003853807258462926,0.0,0.002504696514996908,0.0028420205889993773,0.002158196326246452,0.0003003529581294087,0.0045374109533100416,374.43
0.001345065634966305,0.0,0.003853807258462926,0.029411764705882353,0.0026093793844312826,0.003073639007045582,0.002158196326246452,0.00033333969919564435,0.0045374109533100416,389.61
0.0011141973098188524,0.0,0.003853807258462926,0.029411764705882353,0.0028010192700092273,0.002939049926289004,0.002158196326246452,0.0005763998965258016,0.0045374109533100416,388.45
0.001644765361644614,0.0,0.003853807258462926,0.0,0.0019578706634786887,0.002873320375221837,0.002158196326246452,0.0020208719263735938,0.0020599845728027587,395.11
0.00214474656943972,0.0,0.003853807258462926,0.0,0.00204047982881508,0.0029108801186887895,0.002158196326246452,0.0017031575255777455,0.0022687054766550208,240.16
0.0014744692566422818,0.0,0.003853807258462926,0.0,0.0026518545423167956,0.003011039434600662,0.002158196326246452,0.0006423733786582729,0.0045374109533100416,369.3
0.001320500805072141,0.0,0.003853807258462926,0.0,0.0019655630149067733,0.0024789430688188403,0.002158196326246452,0.002107679139705793,0.0021598076137755795,227.61
0.00168733755415155,0.0,0.003853807258462926,0.0,0.0021133899423508426,0.0030079094559784156,0.002158196326246452,0.0019271201359748187,0.0021598076137755795,297.09
0.0017967240301777286,0.0,0.003853807258462926,0.0,0.002141149297504367,0.0029797396483782017,0.002158196326246452,0.0019653153098409867,0.0020236852851762783,330.04
0.0008856395016665208,0.0,0.003853807258462926,0.0,0.0019648941147825923,0.0029609597766447255,0.002158196326246452,0.0025052561767672644,0.0015790190117518942,292.29
0.0016972397698449277,0.0,0.003853807258462926,0.0,0.0019665663650930455,0.0030454691994453676,0.002158196326246452,0.002088581552772709,0.0017332909841644359,348.13
0.00010205883641307891,0.0,0.0007971358221029035,0.0,0.0018635557459691242,0.002770031080687719,0.0015851764579874685,0.002550395927700008,0.002096283860429239,396.9
6.73203967657926e-05,0.0,0.0007971358221029035,0.0,0.002145831598373636,0.0026323120213088943,0.0015851764579874685,0.0015694744170461586,0.0021416579699623395,395.5
6.195853034219329e-05,0.0,0.0007971358221029035,0.0,0.001959542913789142,0.002150295313483009,0.0015851764579874685,0.0016736430730447977,0.0020509097508961387,393.23
4.888027065234712e-05,0.0,0.0007971358221029035,0.0,0.0021893101064454214,0.0010360229239634294,0.0015851764579874685,0.0009253648941212418,0.002667997640546304,390.96
5.1506191554739116e-05,0.0,0.0007971358221029035,0.0,0.002013389373785737,0.0014773499097001169,0.0015851764579874685,0.0017552418535770645,0.002105358682335859,393.23
3.9792237138202746e-05,0.0,0.0007971358221029035,0.0,0.00211205214210248,0.0022974043087285716,0.0015851764579874685,0.001092034743719064,0.0022324061890285404,395.6
4.8718901211418e-05,0.0,0.0007971358221029035,0.0,0.0022943274259418864,0.002328704094951032,0.0015851764579874685,0.0012014118325176348,0.0027133717500794044,391.27
4.239615311683168e-05,0.0,0.000484186203055097,0.0,0.002334461433392765,0.0018279075153916698,0.0010335778932148022,0.0008750167103885664,0.003375833749262671,396.9
4.8322812583682886e-05,0.0,0.000484186203055097,0.0,0.002597004732133928,0.0026072721923309262,0.0010335778932148022,0.0013125250655828496,0.0036117791188347926,395.56
5.0523304959989035e-05,0.0,0.000484186203055097,0.0,0.0020548611814849784,0.0019468467030370185,0.0010335778932148022,0.001640656331978562,0.00328508553019647,396.9
6.677027367171605e-05,0.0,0.000484186203055097,0.0,0.0023929901942586294,0.0028858402897108215,0.0010335778932148022,0.0008368215365223988,0.0034393575026090114,394.12
7.340842567357291e-05,0.0,0.000484186203055097,0.0,0.002194995757500962,0.0029922595628671857,0.0010335778932148022,0.0009861299434537811,0.002949317119651527,396.9
6.093896887450478e-05,0.0,0.000484186203055097,0.0,0.001874258147956025,0.002810720802776917,0.0010335778932148022,0.0024271296847682856,0.0023957529833477016,391.0
4.435459133174415e-05,0.0,0.000484186203055097,0.0,0.002057871232043794,0.002153425292105255,0.0010335778932148022,0.002283029710636835,0.0026861472843595444,387.11
4.109052764022337e-05,0.0,0.000484186203055097,0.0,0.0026190784362319116,0.0016776685415238616,0.0010335778932148022,0.0007725841986565715,0.0045374109533100416,392.63
5.7762924878036245e-05,0.00782608695652174,0.0006770733896380218,0.0,0.0022682403210988154,0.0012864212137431103,0.002131419696888556,0.0011597443701181793,0.0029039430101184265,393.87
9.226664533851657e-05,0.00782608695652174,0.0006770733896380218,0.0,0.002192654607066328,0.000910823779073589,0.002131419696888556,0.0007916817855896552,0.002704296928172785,382.84
6.139373729894138e-05,0.00782608695652174,0.0006770733896380218,0.0,0.0024030236961213487,0.0012175616840536978,0.002131419696888556,0.0009357817597211057,0.0031671128454104085,396.9
6.6513549561147e-05,0.00782608695652174,0.0006770733896380218,0.0,0.0023247623815921357,0.0006729454037828922,0.002131419696888556,0.0008854335759884303,0.0033576841054494305,377.68
5.069200937550584e-05,0.00782608695652174,0.0006770733896380218,0.0,0.0022538589684289174,0.0009640334156517711,0.002131419696888556,0.0008142516610560272,0.0027678206815191253,389.71
6.35502198277214e-05,0.00782608695652174,0.0006770733896380218,0.0,0.0024006825456867145,0.0008231843776507007,0.002131419696888556,0.0004982734045268226,0.00330323517400971,390.49
1.604158942327178e-05,0.010434782608695653,0.0005766933231509896,0.0,0.0022742604222164473,0.00030986788360235504,0.0014191613559685107,0.0008732805661219225,0.0028222696129588457,393.37
1.0555028431681798e-05,0.010434782608695653,0.0005766933231509896,0.0,0.002208708210046679,0.00058843598098225,0.0014191613559685107,0.0007604311887900637,0.002640773174826444,376.7
1.0129599905595942e-05,0.01391304347826087,9.053888349810757e-05,0.0,0.0026337942389639004,0.0010015931591187232,0.0013656080972527177,0.0005156348471932623,0.0045374109533100416,394.23
2.9420583071213127e-05,0.01391304347826087,0.00029917196286331196,0.0,0.0024371376024545956,0.0010673227101858896,0.001761902211749585,0.0007083468607907442,0.0030219156949044873,396.9
3.4224991426148205e-05,0.01391304347826087,0.00029917196286331196,0.0,0.002376936591278278,0.0011455721757420397,0.001761902211749585,0.0014948202135804676,0.0027496710377058853,354.31
2.763818424640515e-05,0.01391304347826087,0.00029917196286331196,0.0,0.0024327897516474174,0.0011987818123202218,0.001761902211749585,0.0011493275045183155,0.0031398883796905485,392.2
2.31051699512145e-05,0.01652173913043478,0.0002893307798743872,0.0,0.0023327891830823115,0.00047888672920363956,0.002152841000374873,0.0007916817855896552,0.0031671128454104085,396.9
1.304158481690774e-05,0.01652173913043478,0.0002893307798743872,0.0,0.0023863011930168165,0.00043506702849219545,0.002152841000374873,0.0007725841986565715,0.002985616407278007,384.3
2.5268987454582206e-05,0.014347826086956521,0.0003995520293503442,0.0,0.00206088128260261,0.001201911790942468,0.0018636534033095913,0.0012899551901164779,0.00218703207949544,393.77
1.596823967739491e-05,0.014347826086956521,0.0003995520293503442,0.0,0.0025451649725098772,0.0004914066436926236,0.0018636534033095913,0.0005399408669262781,0.0038386496665002946,395.38
2.574576080278187e-05,0.01652173913043478,0.0005274874082063658,0.0,0.002626436337597906,0.0010391529025856755,0.00119959299523376,0.0006614709655913567,0.00440128862471074,392.78
1.473596394666347e-05,0.01652173913043478,0.0005274874082063658,0.0,0.0026869717988363146,0.0009984631804964771,0.00119959299523376,0.0005000095487934664,0.0045374109533100416,390.55
0.00010006372332522801,0.0,0.002084362557054259,0.0,0.0019702453157760427,0.0006979852327608603,0.0014834252664274621,0.0018871888178420072,0.0020509097508961387,396.9
0.00016847703130458598,0.0,0.002084362557054259,0.0,0.0021157310927854773,0.0016432387766791554,0.0014834252664274621,0.0019045502605084471,0.0022142565452153,394.87
0.0001848340246351283,0.0,0.002084362557054259,0.0,0.0019341247090702523,0.0022754944583728495,0.0014834252664274621,0.0031354765455590293,0.0020418349289895187,389.43
9.966029972290519e-05,0.0,0.002084362557054259,0.029411764705882353,0.002028105176517726,0.0018498173657473921,0.0014834252664274621,0.002545187494900076,0.0022142565452153,381.32
0.00031959217776011647,0.0,0.002084362557054259,0.029411764705882353,0.001787301131812455,0.00312997862224601,0.0014834252664274621,0.004008757111680952,0.0018149643813240165,396.9
0.0001279659666567899,0.0,0.002084362557054259,0.029411764705882353,0.001993322370060298,0.002882710311088575,0.0014834252664274621,0.002998321148494155,0.001969236353736558,393.25
0.00027563367505610743,0.0,0.002084362557054259,0.029411764705882353,0.0018073681355378942,0.002773161059309965,0.0014834252664274621,0.004163273951412266,0.001751440627977676,395.24
0.00015930831306997705,0.0,0.002084362557054259,0.029411764705882353,0.001942151510560428,0.0016839284987683533,0.0014834252664274621,0.0027830392594303016,0.0020327601070828983,390.94
0.00010307106290617973,0.0,0.002084362557054259,0.0,0.002132119145827919,0.0010109830949854611,0.0014834252664274621,0.0016285033221120544,0.002550024955760243,385.81
0.00021238418918648118,0.0,0.002084362557054259,0.0,0.0018100437360346194,0.00030673790498010904,0.0014834252664274621,0.005130306307932964,0.0021507327918689595,348.93
0.0001452471667853808,0.0,0.002084362557054259,0.0,0.002067570283844423,0.0013271109358323082,0.0014834252664274621,0.0016441286205118501,0.0022687054766550208,393.63
3.344748411985337e-05,0.0,0.0027338806343232915,0.029411764705882353,0.001969241965589771,0.0017527880284577658,0.0014780699405558828,0.0023455309042360183,0.002114433504242479,392.8
5.144017678344993e-05,0.0,0.0027338806343232915,0.0,0.0022214173124061242,0.0026636118075313545,0.0014780699405558828,0.0016823237943780175,0.0026044738871999636,392.78
8.119083371110898e-05,0.0,0.0027338806343232915,0.029411764705882353,0.001990312319501482,0.0029359199476667575,0.0014780699405558828,0.003111170525826014,0.0019510867099233177,396.9
8.380208466432561e-05,0.0,0.0027338806343232915,0.029411764705882353,0.002131450245703738,0.0028921002469553137,0.0014780699405558828,0.00182295147997618,0.002087209038522619,393.74
0.0002626581050104889,0.0,0.0012203066906266672,0.029411764705882353,0.0023247623815921357,0.002770031080687719,0.0016440850425748408,0.0016857960829113057,0.002422977449067562,391.7
0.0002990542489145925,0.0,0.0012203066906266672,0.029411764705882353,0.0020615501827267913,0.002857670482110607,0.0016440850425748408,0.003725765596217983,0.001969236353736558,395.24
0.00045737967538981943,0.0,0.0012203066906266672,0.029411764705882353,0.0023006819771216086,0.00243199338948515,0.0016440850425748408,0.001723991256777473,0.002495576024320523,390.39
0.0004508808879051286,0.0,0.0012203066906266672,0.0,0.0022133905109159484,0.0025290227267747763,0.0016440850425748408,0.0013194696426494254,0.002731521393892645,396.9
0.00023129375367353865,0.0,0.0012203066906266672,0.0,0.002764564213241346,0.002450773261218626,0.0016440850425748408,0.000718763726390608,0.004065520214165797,385.05
0.0003865018159489986,0.0,0.0012203066906266672,0.0,0.002918076791740956,0.0025978822564641886,0.0016440850425748408,0.0008038347954561632,0.0045374109533100416,382.0
0.00028029871889387645,0.0,0.0012203066906266672,0.0,0.002688978499208858,0.0027074315082427987,0.0016440850425748408,0.000543413155459566,0.0034121330368891514,387.38
0.0003024796820470424,0.0,0.0012203066906266672,0.0,0.002395665794755355,0.0025008529191745624,0.0016440850425748408,0.001104187753585572,0.002867643722491946,372.08
0.0002187216072302429,0.0,0.0012203066906266672,0.0,0.002570583177228767,0.0005320963657818217,0.0016440850425748408,0.0006805685525244405,0.004237941830391579,377.51
0.00032404450733484254,0.0,0.0012203066906266672,0.0,0.002191316806817965,0.0006698154251606461,0.0016440850425748408,0.0006527902442581368,0.002858568900585326,380.34
0.00039388813535879953,0.0,0.0012203066906266672,0.0,0.0020003458213642016,0.002131515441749533,0.0016440850425748408,0.002022608070640238,0.00220518172330868,378.35
0.0003395799835115639,0.0,0.0012203066906266672,0.0,0.0024789438602159275,0.002406953560507182,0.0016440850425748408,0.00091147573998809,0.002876718544398566,376.14
0.00042197375305505356,0.0,0.0012203066906266672,0.0,0.0027883101676497825,0.0022942743301063253,0.0016440850425748408,0.0004288276338610633,0.0037842007350605746,385.91
0.00024313240265806568,0.0,0.0012203066906266672,0.0,0.0027582096620616236,0.0022035049500611914,0.0016440850425748408,0.0006857769853243725,0.0043831389808974995,378.95
0.0003285408467570948,0.0,0.0012203066906266672,0.029411764705882353,0.0022495111176217388,0.002081435783793597,0.0016440850425748408,0.0013975961346484047,0.002631698352919824,360.2
0.00024238423525012163,0.0,0.0012203066906266672,0.0,0.0020354630778837202,0.0019249368526812964,0.0016440850425748408,0.0018889249621086514,0.00217795725758882,376.75
0.00038184410708581726,0.0,0.0012203066906266672,0.029411764705882353,0.0022177383617231266,0.0023944336460181978,0.0016440850425748408,0.0016562816303783577,0.0022777802985616408,388.45
0.000375426004321591,0.0,0.0012203066906266672,0.0,0.002460883556863032,0.002241064693528143,0.0016440850425748408,0.0008211962381226031,0.002858568900585326,390.07
6.04695305008928e-05,0.0052173913043478265,0.0009703406427079788,0.0,0.0021675708524095286,0.0005790460451155119,0.0016065977614737857,0.001104187753585572,0.0021507327918689595,379.41
6.786318488528144e-05,0.0052173913043478265,0.0009703406427079788,0.0,0.0022093771101708605,0.0013208509785878164,0.0016065977614737857,0.0012795383245166139,0.002114433504242479,383.78
8.309792710390764e-05,0.0052173913043478265,0.0009703406427079788,0.0,0.002306702078239241,0.0016995783918795835,0.0016065977614737857,0.0019757321754408507,0.0019964608194564183,391.25
7.783875032453595e-05,0.0052173913043478265,0.0009703406427079788,0.0,0.002038473128442536,0.0020376160830821526,0.0016065977614737857,0.0021528188906385364,0.0018240392032306367,394.62
7.54768885073007e-05,0.0052173913043478265,0.0009703406427079788,0.0,0.002126433494772378,0.0016557586911681394,0.0016065977614737857,0.0019479538671745467,0.0020146104632696583,372.75
9.357227081512486e-05,0.0052173913043478265,0.0009703406427079788,0.0,0.002138139246945551,0.00024413833253518878,0.0016065977614737857,0.0009010588743882261,0.0021507327918689595,374.71
0.00015115915630305665,0.0038260869565217392,0.0011533866463019791,0.0,0.0018705791972730278,0.0023944336460181978,0.0017672575376211643,0.0021701803333049764,0.0015971686555651347,372.49
0.0001403400687862181,0.0038260869565217392,0.0011533866463019791,0.0,0.001874592598018116,0.002197244992816699,0.0017672575376211643,0.0032049223162247888,0.0016788420527247153,389.13
0.0002492644414133722,0.0038260869565217392,0.0011533866463019791,0.0,0.0020428209792497146,0.0010923625391638576,0.0017672575376211643,0.0015903081482458866,0.00220518172330868,390.18
0.00014418359547016613,0.0038260869565217392,0.0011533866463019791,0.0,0.002082286086576412,0.0024789430688188403,0.0017672575376211643,0.0017621864306436408,0.001860338490857117,376.14
0.00012057964724698894,0.0038260869565217392,0.0011533866463019791,0.0,0.0021515172494291773,0.001536819503522791,0.0017672575376211643,0.0016528093418450697,0.0022233313671219204,374.71
0.00013989997031095688,0.0038260869565217392,0.0011533866463019791,0.0,0.002246835517125014,0.0005477462588930517,0.0017672575376211643,0.0011389106389184515,0.0023776033395344616,393.74
0.00010290969346525061,0.0038260869565217392,0.0011533866463019791,0.0,0.0021695775527820725,0.00040689722089198133,0.0017672575376211643,0.0010243251173199489,0.0022142565452153,396.28
0.00015703447094779401,0.0038260869565217392,0.0011533866463019791,0.0,0.0021531894997396306,0.0002785680973798949,0.0017672575376211643,0.0006232757917251892,0.0022505558328417804,377.07
6.0300826085375996e-05,0.0038260869565217392,0.0011533866463019791,0.0,0.00232676908196468,0.0002128385463127287,0.0017672575376211643,0.0006128589261253253,0.0026861472843595444,386.09
0.0002706165524381294,0.0038260869565217392,0.0011533866463019791,0.0,0.0027622230628067115,0.00026291820426866487,0.0017672575376211643,0.0006145950703919693,0.003884023776033395,396.9
3.534724253806434e-05,0.01391304347826087,0.0007164381215937208,0.0,0.0020428209792497146,0.0010015931591187232,0.001686927649547475,0.0011406467831850955,0.001987385997549798,392.89
2.602448983711398e-05,0.01391304347826087,0.0007164381215937208,0.0,0.001965228564844683,0.000597825916848988,0.001686927649547475,0.0016059334466456824,0.001896637778483597,395.18
1.1281190915862825e-05,0.01565217391304348,0.0007380887241693551,0.0,0.002492990762823735,0.0010704526888081355,0.0013066995126653456,0.0005399408669262781,0.003992921638912837,386.34
0.0004485630359354195,0.0034782608695652175,0.000781389929320624,0.0,0.0029110533404370525,0.002719951422731783,0.0014138060300969313,0.0008889058645217183,0.0045374109533100416,389.7
0.0004866828988676296,0.0034782608695652175,0.000781389929320624,0.0,0.0024525223053107658,0.00312997862224601,0.0014138060300969313,0.0013524563837156612,0.0032669358863832297,383.29
0.00048165110630047617,0.0034782608695652175,0.000781389929320624,0.0,0.0022883073248242546,0.00312997862224601,0.0014138060300969313,0.001197939543984347,0.002731521393892645,391.93
0.00039616931245557024,0.0034782608695652175,0.000781389929320624,0.0,0.002409043797238981,0.002560322512997236,0.0014138060300969313,0.0016649623517115777,0.0030672898044375877,392.8
0.00039177566267754567,0.0034782608695652175,0.000781389929320624,0.0,0.002515064466921718,0.0027982008882879335,0.0014138060300969313,0.00126044073758353,0.003911248241753255,388.37
0.00038152136820395903,0.0034782608695652175,0.000781389929320624,0.0,0.0028087116214373124,0.0028639304393550994,0.0014138060300969313,0.0010260612615865929,0.0044285130904306,386.86
0.0006053261128234691,0.0034782608695652175,0.000781389929320624,0.0,0.002450515604938222,0.0029578297980224796,0.0014138060300969313,0.0019531622999744785,0.0028131947910522257,393.42
0.0004034749471449066,0.0034782608695652175,0.000781389929320624,0.0,0.002410047147425253,0.0028670604179773453,0.0014138060300969313,0.0014062768559816245,0.00331230999591633,387.89
0.000558646334547428,0.0034782608695652175,0.000781389929320624,0.0,0.0018595423452240363,0.0019656265747704945,0.0014138060300969313,0.00181427075864296,0.0020690593947093787,392.4
0.0005763089533545788,0.0034782608695652175,0.000781389929320624,0.0,0.0023458327355038474,0.0026479619144201246,0.0014138060300969313,0.0025677573703664475,0.0027859703253323652,384.07
0.00042421092030429816,0.0034782608695652175,0.000781389929320624,0.0,0.0027749321651661567,0.0020970856769048267,0.0014138060300969313,0.0012916913343831219,0.0045374109533100416,384.54
0.00039645537646449,0.0034782608695652175,0.000781389929320624,0.0,0.002498341963817185,0.0016463687553014013,0.0014138060300969313,0.000548621588259498,0.003947547529379736,390.3
6.649154463738394e-05,0.0034782608695652175,0.0013698926720583232,0.029411764705882353,0.0019799443675766718,0.0019249368526812964,0.0011942376693621806,0.0023698369239690343,0.001878488134670357,391.34
0.00021943309976524852,0.0034782608695652175,0.0013698926720583232,0.0,0.0019585395636028697,0.0013177209999655703,0.0011942376693621806,0.0022569875466371754,0.0019147874222968375,388.65
0.00011890727304099626,0.0034782608695652175,0.0013698926720583232,0.0,0.0020869683874456813,0.0005101865154260997,0.0011942376693621806,0.0011441190717183835,0.0022868551204682608,396.9
8.405880877489465e-05,0.0034782608695652175,0.0013698926720583232,0.0,0.002186634505948696,0.0018372974512584081,0.0011942376693621806,0.0013420395181157974,0.0022142565452153,394.96
0.0001627484161516023,0.0034782608695652175,0.0013698926720583232,0.029411764705882353,0.00257225542753922,0.0016213289263234331,0.0011942376693621806,0.0011423829274517395,0.0031943373111302693,390.77
4.139859657290623e-05,0.006956521739130435,0.0012616396591801512,0.029411764705882353,0.0022602135196086396,0.0010297629667189374,0.0013602527713811386,0.0006128589261253253,0.0029402422977449065,396.9
7.044509594014731e-05,0.006956521739130435,0.0012616396591801512,0.0,0.0022923207255693425,0.0013396308503212922,0.0013602527713811386,0.0005173709914599063,0.0029039430101184265,396.9
7.67898489584967e-05,0.006956521739130435,0.0012616396591801512,0.029411764705882353,0.0024304486012127827,0.001533689524900545,0.0013602527713811386,0.0010503672813196084,0.0030128408729978677,389.25
4.494138929875912e-05,0.006956521739130435,0.0012616396591801512,0.029411764705882353,0.002282956123830804,0.0008638740997398989,0.0013602527713811386,0.0007222360149238961,0.0030037660510912473,393.45
5.851842726056802e-05,0.006956521739130435,0.0012616396591801512,0.0,0.0021679053024716193,0.0010047231377409694,0.0013602527713811386,0.0012482877277170223,0.002640773174826444,396.9
0.00015431319537576212,0.0034782608695652175,0.0006554227870623874,0.0,0.0022782738229615352,0.0010078531163632155,0.0011567503882611257,0.0008420299693223307,0.003185262489223649,396.9
2.6244539074744595e-05,0.0034782608695652175,0.0006554227870623874,0.0,0.0026153994855489145,0.0020188362113486764,0.0011567503882611257,0.0006527902442581368,0.0041199691456055175,387.31
2.7176080847380862e-05,0.0034782608695652175,0.0006554227870623874,0.0,0.0023304480326476773,0.001164352047475516,0.0011567503882611257,0.0007968902183895872,0.003212486954943509,392.23
4.4956059247934495e-05,0.0034782608695652175,0.0006554227870623874,0.029411764705882353,0.00255687072468305,0.0015555993752562672,0.0011567503882611257,0.0005225794242598382,0.004174418077045238,377.07
1.10097968561184e-05,0.01565217391304348,0.0002381566283319786,0.029411764705882353,0.0026498478419442516,0.0007762346983170105,0.0010603545225726986,0.000548621588259498,0.0045374109533100416,395.52
6.645486976444551e-06,0.01565217391304348,0.0005845662695421293,0.0,0.0023705820400985555,0.0006510355534271702,0.0015262678734000964,0.001362873249315525,0.002922092653931667,394.72
8.039132148105107e-06,0.009565217391304347,0.00044285323450161306,0.0,0.0021582062506709902,0.0009984631804964771,0.0016065977614737857,0.0014288467314479965,0.0019964608194564183,394.72
1.4413225064805235e-05,0.01391304347826087,0.0003464096412101507,0.0,0.002083623886824775,0.0009859432660074931,0.0012906335350506078,0.002244834536770667,0.0018240392032306367,341.6
2.839368662893693e-05,0.009130434782608696,0.0010471018700215918,0.0,0.0020766004355208707,0.0009796833087630011,0.0015691104803727306,0.0012396070063838023,0.002105358682335859,396.9
3.366753335748399e-05,0.009130434782608696,0.0010471018700215918,0.0,0.00211205214210248,0.0014272702517441806,0.0015691104803727306,0.0013194696426494254,0.0020236852851762783,396.9
3.151838580329165e-05,0.009130434782608696,0.0010471018700215918,0.0,0.0021956646576251435,0.0007167651044943363,0.0015691104803727306,0.001651073197578426,0.0022505558328417804,371.72
2.5687081006080373e-05,0.01391304347826087,0.0009742771159035489,0.0,0.002294661876003977,0.0008732640356066368,0.001312054838536925,0.0005781360407924456,0.0025863242433867236,396.9
5.78436095985008e-05,0.01391304347826087,0.0009742771159035489,0.0,0.0023906490438239947,0.0008670040783621448,0.001312054838536925,0.0006180673589252573,0.0033849085711692905,396.9
2.651593313448902e-05,0.01391304347826087,0.0009742771159035489,0.0,0.002217403911661036,0.0007324149976055663,0.001312054838536925,0.0008159878053226711,0.002531875311947003,396.9
6.062356496723423e-05,0.0,0.0027397853441166464,0.0,0.0020491755304294372,0.0005759160664932659,0.0015476891768864136,0.0014896117807805358,0.0021688824356821995,396.9
6.013945664444687e-05,0.0,0.0027397853441166464,0.0,0.00200971042310274,0.0013239809572100623,0.0015476891768864136,0.0018055900373097403,0.001969236353736558,396.9
9.485589136797012e-05,0.0,0.0027397853441166464,0.0,0.0022334575146413876,0.0009734233515185092,0.0015476891768864136,0.001088562455185776,0.0025953990652933436,396.9
3.9403483485055325e-05,0.0,0.0027397853441166464,0.0,0.002190313456631693,0.001596289097345465,0.0015476891768864136,0.0012830106130499019,0.0024592767366940424,392.85
0.00010344514661015176,0.0,0.0027397853441166464,0.0,0.0019364658595048868,0.001815387600902686,0.0015476891768864136,0.002750052518364066,0.001842188847043877,396.9
4.742794568398506e-05,0.01217391304347826,0.0004408849979038282,0.0,0.0021220856439651994,0.0006291257030714481,0.0019172066620253842,0.0008628637005220585,0.0020418349289895187,368.24
4.07897936821282e-05,0.01217391304347826,0.0004408849979038282,0.0,0.002354862887180295,0.00031299786222460104,0.0019172066620253842,0.000822932382389247,0.002631698352919824,371.58
3.239858275381411e-05,0.01217391304347826,0.0004408849979038282,0.0,0.0022980063766248836,0.0014836098669446089,0.0019172066620253842,0.0010538395698528964,0.0022505558328417804,390.86
2.594380511664942e-05,0.00591304347826087,0.0011986560880510328,0.0,0.0022040259091774097,0.0012645113633873882,0.001761902211749585,0.001649337053311782,0.0019964608194564183,395.75
6.796587452950906e-05,0.00591304347826087,0.0011986560880510328,0.0,0.002172253153278798,0.0005759160664932659,0.001761902211749585,0.0015052370791803315,0.0023957529833477016,383.61
7.334974587687142e-05,0.00591304347826087,0.0011986560880510328,0.0,0.002335130333516946,0.0005540062161375437,0.001761902211749585,0.0008437661135889748,0.0030037660510912473,390.43
4.045238485109459e-05,0.005739130434782609,0.0004290755783171185,0.0,0.002420080649287972,0.0012864212137431103,0.0011888823434906015,0.0012031479767842788,0.00327601070828985,393.68
4.018832576593785e-05,0.005739130434782609,0.0004290755783171185,0.0,0.002212721610791767,0.001818517579524932,0.0011888823434906015,0.0015503768301130749,0.002577249421480103,393.36
5.5034314331416624e-05,0.005739130434782609,0.0004290755783171185,0.0,0.0024816194607126525,0.0022504546293948815,0.0011888823434906015,0.0011232853405186557,0.0030309905168111073,396.9
3.6176094666472985e-05,0.005739130434782609,0.0004290755783171185,0.0,0.0022906484752588893,0.002200374971438945,0.0011888823434906015,0.0013073166327829176,0.002559099777666863,396.9
0.0003615995772238007,0.0,0.0019485542318070977,0.0,0.002219076161971489,0.0025822323633529582,0.001628019064960103,0.0007882094970563673,0.0020690593947093787,396.9
0.0002562840120937887,0.0,0.0019485542318070977,0.0,0.001997335770805386,0.00240069360326269,0.001628019064960103,0.0017309358338440492,0.001842188847043877,396.24
0.0019331178826357707,0.0,0.0019485542318070977,0.0,0.0016632201587768224,0.0011831319192089917,0.001628019064960103,0.002194486353037992,0.0014610463269658334,350.45
0.0005797637263853793,0.0,0.0019485542318070977,0.0,0.002047503280118984,0.0016526287125458933,0.001628019064960103,0.0010382142714531006,0.0020055356413630383,396.9
0.0001919489499851848,0.0,0.0019485542318070977,0.0,0.002014392723972009,0.0028295006745103933,0.001628019064960103,0.0020347610805067457,0.0017605154498842959,396.3
0.00019758954544311623,0.0,0.0019485542318070977,0.0,0.002095664089060038,0.0025916222992196964,0.001628019064960103,0.001371553970648745,0.001960161531829938,393.39
0.0002708072617774093,0.0,0.0019485542318070977,0.0,0.002196333557749325,0.0027324713372207667,0.001628019064960103,0.0016111418794456142,0.0021598076137755795,395.69
0.00018598561564539518,0.0,0.0019485542318070977,0.0,0.001908037604227181,0.00243199338948515,0.001628019064960103,0.001996565906640578,0.0014701211488724532,396.42
0.00023345023620231867,0.0,0.0019485542318070977,0.0,0.001977937667204128,0.002604142213708681,0.001628019064960103,0.0031823524407584166,0.0016153182993783747,390.7
0.00017986824683926408,0.0,0.0019485542318070977,0.0,0.0019337902590081614,0.0022441946721503893,0.001628019064960103,0.0027674139610305054,0.0017968147375107765,396.9
0.0002948806483741985,0.0,0.0019485542318070977,0.0,0.002134460296262554,0.002103345634149319,0.001628019064960103,0.001798645460243164,0.002096283860429239,395.21
0.0003487560367207605,0.0,0.0019485542318070977,0.0,0.0020444932295601683,0.0018404274298806538,0.001628019064960103,0.0022101116514377877,0.0019057126003902173,396.23
0.0001229341740896365,0.0,0.001452558609165291,0.0,0.0021491760989945426,0.0016369788194346632,0.0015369785251432549,0.0012500238719836663,0.0021598076137755795,396.9
0.00013319580353781082,0.0,0.001452558609165291,0.0,0.00213245359589001,0.0016995783918795835,0.0015369785251432549,0.001192731111184415,0.002096283860429239,396.9
0.0002575602976720463,0.0,0.001452558609165291,0.0,0.002020412825089641,0.001561859332500759,0.0015369785251432549,0.0013368310853158654,0.0018512636689504967,396.9
0.00020825459849361334,0.0,0.001452558609165291,0.0,0.001909040954413453,0.0023255741163287855,0.0015369785251432549,0.0020382333690400337,0.0016788420527247153,391.13
0.0002501886482114207,0.0,0.001452558609165291,0.0,0.0021454971483115455,0.00125512142752065,0.0015369785251432549,0.0010625202911861164,0.0022687054766550208,396.9
0.0001407288224393655,0.0,0.001452558609165291,0.0,0.002150848349304996,0.00046010685747016345,0.0015369785251432549,0.0008819612874551424,0.0022324061890285404,393.68
0.00022259447381254172,0.0,0.001452558609165291,0.0,0.0021110487919162083,0.0009045638218290969,0.0015369785251432549,0.0010677287239860484,0.002087209038522619,396.9
0.00017679489248702317,0.0,0.001452558609165291,0.0,0.0020344597276974485,0.0013678006579215065,0.0015369785251432549,0.0022205285170376517,0.0020146104632696583,396.9
4.853552684672582e-05,0.0,0.0006377086576823228,0.0,0.0019625529643479576,0.0008075344845394707,0.0023027901247790927,0.0017309358338440492,0.001751440627977676,382.44
4.932036912760834e-05,0.0,0.0006377086576823228,0.0,0.002118072243220112,0.0005383563230263137,0.0023027901247790927,0.001274329891716682,0.0020509097508961387,375.21
3.333012452645038e-05,0.0,0.0006377086576823228,0.0,0.0020548611814849784,0.0010078531163632155,0.0023027901247790927,0.0015781551383793786,0.0017968147375107765,368.57
3.6843577353952515e-05,0.00608695652173913,0.001192751378257678,0.0,0.0019083720542892718,0.0008889139287178669,0.001628019064960103,0.002158027323438468,0.0015517945460320343,394.02
2.5423021920923637e-05,0.00608695652173913,0.001192751378257678,0.0,0.0020170683244687343,0.0007292850189833204,0.001628019064960103,0.0013594009607822372,0.0017605154498842959,362.25
3.728367582921374e-05,0.0,0.0010215147942503875,0.0,0.002112386592164571,0.0011925218550757298,0.00119959299523376,0.0009861299434537811,0.0020146104632696583,389.71
2.7418135008774533e-05,0.0,0.0010215147942503875,0.0,0.002110379891792027,0.0012050417695647138,0.00119959299523376,0.0011718973799846872,0.001878488134670357,389.4
2.9053834341828768e-05,0.0,0.0010215147942503875,0.0,0.0020190750248412783,0.0010798426246748736,0.00119959299523376,0.0013906515575818287,0.0019147874222968375,396.9
2.5136957912003836e-05,0.0,0.0010215147942503875,0.0,0.0019628874144100483,0.0014491801020999025,0.00119959299523376,0.0017014213813111015,0.001769590271790916,396.9
2.23056577211566e-05,0.0,0.0010215147942503875,0.0,0.001971583116024405,0.001865467258858622,0.00119959299523376,0.001833368345576044,0.0016788420527247153,394.81
2.424942598689369e-05,0.0,0.0010215147942503875,0.0,0.0020264329262072727,0.0011674820260977618,0.00119959299523376,0.0014774587709140278,0.0018694133127637371,396.14
4.032035530851622e-05,0.0,0.0010215147942503875,0.0,0.002001683621612564,0.0014210102944996886,0.00119959299523376,0.0016910045157112375,0.0017242161622578157,396.9
4.511742868886361e-05,0.0,0.0010215147942503875,0.0,0.001995997970557023,0.001831037494013916,0.00119959299523376,0.0016128780237122582,0.0016969916965379555,396.9
9.542801938580972e-06,0.00608695652173913,0.00029917196286331196,0.0,0.0024217528995984254,0.001543079460767283,0.001520912547528517,0.0009531432023875456,0.0029674667634647673,394.74
1.832276652004248e-05,0.0,0.00037199671698135496,0.0,0.0021873034060728774,0.0018685972374808681,0.0022599475178064587,0.0015017647906470435,0.0014973456145923136,389.96
1.8652840376488403e-05,0.009565217391304347,0.0007439934339627099,0.0,0.002239477615759019,0.0017653079429467498,0.0019814705724843355,0.0012465515834503783,0.0021688824356821995,396.9
2.2364337517858095e-05,0.009565217391304347,0.0007439934339627099,0.0,0.0022990097268111554,0.0008795239928511289,0.0019814705724843355,0.0008003625069228753,0.0028313444348654656,387.97
2.2833775891470074e-05,0.0,0.0008640558664275916,0.0,0.002011382673413193,0.001518039631789315,0.0018850747067959085,0.0018281599127761118,0.0015880938336585145,385.64
4.519811340932817e-05,0.0,0.0008640558664275916,0.0,0.0019725864662106774,0.0016369788194346632,0.0018850747067959085,0.0021996947858379237,0.001560869367938654,364.61
1.3716402478974956e-05,0.014782608695652174,0.0008168181880807531,0.0,0.0021792766045827016,0.0008670040783621448,0.0018797193809243292,0.001104187753585572,0.002096283860429239,392.43
1.10097968561184e-05,0.01391304347826087,0.0003956155561547743,0.0,0.002219076161971489,0.000929603650807065,0.0014994912440422,0.0010399504157197446,0.0022233313671219204,390.94
2.1264091329705024e-05,0.006956521739130435,0.00024602957472311837,0.0,0.002320748980847048,0.0010798426246748736,0.0017940341669790607,0.0010225889730533047,0.002413902627160942,389.85
4.555752716412484e-05,0.006956521739130435,0.00024602957472311837,0.0,0.0021705809029683447,0.0013897105082772284,0.0017940341669790607,0.0010382142714531006,0.0020781342166159987,396.9
5.831304797211278e-05,0.010434782608695653,0.00033263198502565605,0.0,0.0022003469584944125,0.0011236623253863176,0.0022010389332190864,0.0009531432023875456,0.00218703207949544,370.78
5.313455591320566e-05,0.010434782608695653,0.00033263198502565605,0.0,0.0019679041653414085,0.0005790460451155119,0.0022010389332190864,0.0013524563837156612,0.0016879168746313355,392.33
1.2535471570357327e-05,0.01565217391304348,0.0003975837927525593,0.0,0.0022501800177459202,0.0011299222826308098,0.0010014459379853265,0.0007812649199897914,0.002731521393892645,384.46
3.1547725701642396e-05,0.01391304347826087,0.0003759331901769249,0.0,0.0018939907016193738,0.0006854653182718762,0.0017886788411074813,0.0013975961346484047,0.001651617587004855,382.8
7.818349413015725e-05,0.01391304347826087,0.0003759331901769249,0.0,0.001985295568570122,0.000610345831337972,0.0017886788411074813,0.0009670323565206975,0.0018694133127637371,376.04
0.006588978332221009,0.0,0.0035625082419907545,0.029411764705882353,0.0020776037857071425,0.003048599178067614,0.0035666470304718044,0.0030556139092934066,0.0016153182993783747,377.73
0.002823745167021919,0.0,0.0035625082419907545,0.029411764705882353,0.002138808147069732,0.0028482805462438695,0.0035666470304718044,0.0023038634418365627,0.001969236353736558,391.34
0.0038154850760993343,0.0,0.0035625082419907545,0.029411764705882353,0.0020491755304294372,0.0026104021709531726,0.0035666470304718044,0.00199309361810729,0.0020599845728027587,395.43
0.0031256600560257094,0.0,0.0035625082419907545,0.0,0.0020441587794980775,0.0025446726198860062,0.0035666470304718044,0.0021996947858379237,0.0020509097508961387,390.74
0.0033314867779307986,0.0,0.0035625082419907545,0.0,0.0021398114972560043,0.002754381187576489,0.0035666470304718044,0.0013524563837156612,0.0022687054766550208,374.56
0.0028143123897021536,0.0,0.0035625082419907545,0.0,0.0020906473381286784,0.002851410524866115,0.0035666470304718044,0.002463588714367809,0.0018058895594173963,350.65
0.00269796502279226,0.0,0.0035625082419907545,0.0,0.0017933212329300867,0.003011039434600662,0.0035666470304718044,0.0017691310077102165,0.0018875629565769773,380.79
0.003097112334930431,0.0,0.0035625082419907545,0.029411764705882353,0.0019408137103120652,0.002785680973798949,0.0035666470304718044,0.002541715206366788,0.0015245700803121738,353.04
0.002548375551050968,0.0,0.0035625082419907545,0.029411764705882353,0.002936471545155942,0.0025947522778419427,0.0035666470304718044,0.0009184203170546659,0.001987385997549798,354.55
0.0033417190674806217,0.0,0.0035625082419907545,0.0,0.001190976671104819,0.0027512512089542434,0.0035666470304718044,0.0012361347178505146,0.002495576024320523,354.7
0.0027117034301949983,0.0,0.0035625082419907545,0.0,0.001659875658155916,0.0028608004607328535,0.0035666470304718044,0.002430601973301573,0.001987385997549798,316.03
0.009918499336962308,0.0,0.0035625082419907545,0.0,0.0012919805898561965,0.00312997862224601,0.0035666470304718044,0.0023142803074364267,0.002096283860429239,131.42
0.0035928319224900916,0.0,0.0035625082419907545,0.0,0.0016622168085905504,0.00312997862224601,0.0035666470304718044,0.0005659830309259377,0.0045374109533100416,375.52
0.004158915921269434,0.0,0.0035625082419907545,0.029411764705882353,0.0022351297649518408,0.0030298193063341377,0.0035666470304718044,0.0006475818114582049,0.0045374109533100416,375.33
0.0047961638434985175,0.0,0.0035625082419907545,0.029411764705882353,0.0023465016356280285,0.00305172915668986,0.0035666470304718044,0.0005138987029266183,0.0045374109533100416,392.05
0.006771868588590401,0.0,0.0035625082419907545,0.0,0.0020789415859555054,0.00312997862224601,0.0035666470304718044,0.0016545454861117137,0.0045374109533100416,366.15
0.006064006866005653,0.0,0.0035625082419907545,0.029411764705882353,0.0019648941147825923,0.002804460845532425,0.0035666470304718044,0.0015416961087798553,0.0045374109533100416,347.88
0.008147763121748754,0.0,0.0035625082419907545,0.0,0.0016408120046167486,0.00312997862224601,0.0035666470304718044,0.006036573615121122,0.0012523254231135714,396.9
0.01356838269179543,0.0,0.0035625082419907545,0.0,0.0013839543569311263,0.00312997862224601,0.0035666470304718044,0.006592139780447195,0.0012523254231135714,396.9
0.014383225018741595,0.0,0.0035625082419907545,0.0,0.002445833304068953,0.0030642490711788443,0.0035666470304718044,0.0023333778943695105,0.0013612232859930124,396.9
0.011213709149656102,0.0,0.0035625082419907545,0.0,0.0022237584628407585,0.0029202700545555276,0.0035666470304718044,0.0040347992756806115,0.0012614002450201916,363.02
0.007205504951239876,0.0,0.0035625082419907545,0.0,0.0022722537218439033,0.003092418878779058,0.0035666470304718044,0.0036875704223518152,0.001206951313580471,396.9
0.017345894604454307,0.0,0.0035625082419907545,0.0,0.0021337913961383724,0.003011039434600662,0.0035666470304718044,0.004112925767679591,0.0011888016697672308,396.9
0.013105179046582987,0.0,0.0035625082419907545,0.0,0.0020812827363901397,0.00312997862224601,0.0035666470304718044,0.0037813222127505907,0.0009256318344752483,393.74
0.06526381659089688,0.0,0.0035625082419907545,0.0,0.0023304480326476773,0.0028764503538440834,0.0035666470304718044,0.0029879042828942913,0.0009437814782884887,396.9
0.011643832059478077,0.0,0.0035625082419907545,0.0,0.0021889756563833306,0.003101808814645796,0.0035666470304718044,0.0036597921140855117,0.000989155587821589,396.9
0.006738655823657353,0.0,0.0035625082419907545,0.0,0.0018515155437338604,0.00312997862224601,0.0035666470304718044,0.0040973004692797955,0.0010254548754480694,396.9
0.005862463769259772,0.0,0.0035625082419907545,0.0,0.00184616434274041,0.00312997862224601,0.0035666470304718044,0.004263970318877617,0.0011162030945142702,396.9
0.014732223109623748,0.0,0.0035625082419907545,0.0,0.0014608778712119769,0.0028545405034883613,0.0035666470304718044,0.005317809888730513,0.0007985843277825673,285.83
0.012331412577327871,0.0,0.0035625082419907545,0.0,0.0017648929776523813,0.0030705090284233356,0.0035666470304718044,0.005349060485530105,0.000653387177276646,396.9
0.01789279030971226,0.0,0.0035625082419907545,0.0,0.0015558616888457224,0.00312997862224601,0.0035666470304718044,0.004909815986069178,0.0009528563001951087,396.9
0.016574915425542514,0.0,0.0035625082419907545,0.0,0.00167225031045327,0.002801330866910179,0.0035666470304718044,0.005553925508994095,0.0006715368210898861,396.9
0.010513732524753119,0.0,0.0035625082419907545,0.0,0.0016321163030023915,0.00312997862224601,0.0035666470304718044,0.00531607374446387,0.0009256318344752483,372.92
0.005979280574543278,0.0,0.0035625082419907545,0.0,0.001802685834668625,0.003095548857401304,0.0035666470304718044,0.0036198607959527004,0.0010436045192613096,396.9
0.005106719332566604,0.0,0.0035625082419907545,0.0,0.0019107132047239063,0.00303607926357863,0.0035666470304718044,0.0029705428402278513,0.0013702981078996324,394.43
0.003882438724135743,0.0,0.0035625082419907545,0.0,0.0020237573257105477,0.0025822323633529582,0.0035666470304718044,0.0032570066442241087,0.002105358682335859,378.38
0.008492360227878295,0.0,0.0035625082419907545,0.0,0.0016842905126885335,0.00303607926357863,0.0035666470304718044,0.004458418476741743,0.0008802577249421479,396.9
0.006340909491665429,0.0,0.0035625082419907545,0.0,0.0020712492345274203,0.002898360204199805,0.0035666470304718044,0.002633730852498919,0.0012523254231135714,396.9
0.009799379349658268,0.0,0.0035625082419907545,0.0,0.0019689075155276798,0.002964089755266972,0.0035666470304718044,0.002838595875962909,0.0011525023821407504,396.9
0.006393713973722189,0.0,0.0035625082419907545,0.0,0.002164226351788622,0.003092418878779058,0.0035666470304718044,0.0029722789844944955,0.0011888016697672308,391.98
0.004307133752762828,0.0,0.0035625082419907545,0.0,0.002142152647690639,0.0030047794773561697,0.0035666470304718044,0.003362911444489391,0.0011343527383275104,396.9
0.005627407173622751,0.0,0.0035625082419907545,0.0,0.0019220845068349886,0.003095548857401304,0.0035666470304718044,0.0034583993791548104,0.000771359862062707,393.1
0.028130947839205972,0.0,0.0035625082419907545,0.0,0.0018237561885803364,0.00312997862224601,0.0035666470304718044,0.005310865311663937,0.0004537410953310041,396.9
0.007273764224752894,0.0,0.0035625082419907545,0.0,0.001957201763354507,0.0024351233681073957,0.0035666470304718044,0.005203224367132011,0.0005717137801170652,338.16
0.01837125070206709,0.0,0.0035625082419907545,0.0,0.0020023525217367456,0.00312997862224601,0.0035666470304718044,0.004647658201805937,0.0005081900267707246,396.9
0.01044221652252317,0.0,0.0035625082419907545,0.0,0.0021214167438410184,0.00312997862224601,0.0035666470304718044,0.0035278451498205695,0.000653387177276646,396.9
0.007038428900081539,0.0,0.0035625082419907545,0.0,0.0021418181976285483,0.00312997862224601,0.0035666470304718044,0.0035261090055539253,0.00109805345070103,376.11
0.018191983923144018,0.0,0.0035625082419907545,0.0,0.0017889733821229083,0.0030047794773561697,0.0035666470304718044,0.0034323572151551502,0.0007532102182494669,396.9
0.030461562664697687,0.0,0.0035625082419907545,0.0,0.0018498432934234072,0.002673001743398093,0.0035666470304718044,0.00475356300207122,0.000771359862062707,329.46
0.04981973419753808,0.0,0.0035625082419907545,0.0,0.0019006797028611867,0.00312997862224601,0.0035666470304718044,0.003989659524747868,0.0004537410953310041,384.97
0.015195280055344438,0.0,0.0035625082419907545,0.0,0.0013839543569311263,0.00312997862224601,0.0035666470304718044,0.004052160718347052,0.0010799038068877898,370.22
0.00876610147949078,0.0,0.0035625082419907545,0.0,0.0018755959482043875,0.00312997862224601,0.0035666470304718044,0.002105942995439149,0.002531875311947003,332.09
0.005430734500003095,0.0,0.0035625082419907545,0.0,0.0018786059987632036,0.0030642490711788443,0.0035666470304718044,0.004583420863940109,0.001560869367938654,314.64
0.010590456358940327,0.0,0.0035625082419907545,0.0,0.0022916518254451615,0.00312997862224601,0.0035666470304718044,0.0034340933594217945,0.002495576024320523,179.36
0.02101895647898452,0.0,0.0035625082419907545,0.0,0.0017240900700773215,0.00312997862224601,0.0035666470304718044,0.0034861776874211135,0.0014791959707790734,210.97
0.019027364178935708,0.0,0.0035625082419907545,0.0,0.0017739231293288288,0.002788810952421195,0.0035666470304718044,0.004625088326339565,0.0009437814782884887,127.36
0.008132579724352242,0.0,0.0035625082419907545,0.0,0.0021441593480631825,0.00312997862224601,0.0035666470304718044,0.0026076886884992593,0.0015154952584055536,318.75
0.005151051918974585,0.0,0.0035625082419907545,0.0,0.002008707072916468,0.0029828696270004476,0.0035666470304718044,0.00272574649863105,0.0012886247107400516,319.98
0.008837324082737222,0.0,0.0035625082419907545,0.0,0.0018889739506880137,0.002741861273087505,0.0035666470304718044,0.002447963415968013,0.0018875629565769773,291.55
0.004093700662210308,0.0,0.0035625082419907545,0.0,0.002152520599615449,0.0027512512089542434,0.0035666470304718044,0.002816026000496537,0.0012976995326466718,100.19
0.010205443542832628,0.0,0.0035625082419907545,0.0,0.00207626598545878,0.0029734796911337095,0.0035666470304718044,0.002633730852498919,0.0010617541630745496,100.63
0.008186125038842357,0.0,0.0035625082419907545,0.0,0.002217069461598945,0.0029609597766447255,0.0035666470304718044,0.004040007708480543,0.001216026135487091,109.85
0.006888003241237251,0.0,0.0035625082419907545,0.0,0.00188195049938411,0.002939049926289004,0.0035666470304718044,0.0039722980820814284,0.0011615772040473706,396.9
0.016174425813054796,0.0,0.0035625082419907545,0.0,0.001945830461243425,0.0028921002469553137,0.0035666470304718044,0.0038386149735498416,0.0009528563001951087,391.45
0.007132661318609556,0.0,0.0035625082419907545,0.0,0.0021424870977527293,0.003042339220823122,0.0035666470304718044,0.003388953608489051,0.0015517945460320343,385.96
0.004156267995443279,0.0,0.0035625082419907545,0.0,0.002079944936141777,0.00312997862224601,0.0035666470304718044,0.0028802633383623643,0.001669767230818095,395.69
0.007310431762716741,0.0,0.0035625082419907545,0.0,0.0021689086526578915,0.00312997862224601,0.0035666470304718044,0.0032726319426239045,0.0013975225736194928,386.73
0.009390454516394711,0.0,0.0035625082419907545,0.0,0.0019578706634786887,0.0030235593490896455,0.0035666470304718044,0.00413028721034603,0.000980080765914969,240.52
0.004612283365559789,0.0,0.0035625082419907545,0.0,0.002120747843716837,0.003017299391845154,0.0035666470304718044,0.003088600650359642,0.0013521484640863924,318.01
0.007279852253660673,0.0,0.0035625082419907545,0.0,0.0020906473381286784,0.0030235593490896455,0.0035666470304718044,0.002854221174362705,0.0011434275602341304,388.52
0.0068428638076246245,0.0,0.0035625082419907545,0.0,0.002068573634030695,0.0030892889001568123,0.0035666470304718044,0.0031476295554255375,0.0012795498888334316,396.9
0.005520309209667931,0.0,0.0035625082419907545,0.0,0.002146166048435727,0.003076768985667828,0.0035666470304718044,0.003352494578889527,0.0011797268478606108,304.21
0.003991062362804802,0.0,0.0035625082419907545,0.0,0.0022257651632133025,0.003073639007045582,0.0035666470304718044,0.0030781837847597784,0.0013793729298062524,355.29
0.0037336267597007458,0.0,0.0035625082419907545,0.0,0.002106032040984848,0.002873320375221837,0.0035666470304718044,0.002998321148494155,0.0014610463269658334,385.09
0.006049953054695643,0.0,0.0035625082419907545,0.0,0.002472589309036205,0.003108068771890288,0.0035666470304718044,0.002906305502362024,0.0016153182993783747,375.87
0.00568624100479059,0.0,0.0035625082419907545,0.0,0.002107369841233211,0.0026197921068199107,0.0035666470304718044,0.002817762144763181,0.0013521484640863924,272.21
0.004988640911654016,0.0,0.0035625082419907545,0.0,0.002033790827573267,0.002641701957175633,0.0035666470304718044,0.0025521320719666517,0.0018149643813240165,396.9
0.0035296851262646926,0.0,0.0035625082419907545,0.0,0.0022411498660694722,0.0028169807600214093,0.0035666470304718044,0.002850748885829417,0.0014882707926856934,255.23
0.002708886799953326,0.0,0.0035625082419907545,0.0,0.00213245359589001,0.0027669011020654733,0.0035666470304718044,0.002543451350633432,0.0016062434774717544,391.43
0.004881366908309091,0.0,0.0035625082419907545,0.0,0.0021127210422266615,0.0025978822564641886,0.0035666470304718044,0.0024288658290349294,0.001769590271790916,396.9
0.004269798732111501,0.0,0.0035625082419907545,0.0,0.0021782732543964294,0.0028138507813991634,0.0035666470304718044,0.0017864924503766563,0.0018331140251372567,393.82
0.005750121298474757,0.0,0.0035625082419907545,0.0,0.0020766004355208707,0.0020470060189488907,0.0035666470304718044,0.002295182720503343,0.0019420118880166975,396.9
0.0023204925605607046,0.0,0.0035625082419907545,0.0,0.0019260979075800765,0.001508649695922577,0.0035666470304718044,0.0024531718487679453,0.0018058895594173963,334.4
0.003243731141963709,0.0,0.0035625082419907545,0.0,0.002007703722730196,0.0029578297980224796,0.0035666470304718044,0.0037014595764849672,0.0017332909841644359,331.29
0.011424736368543862,0.0,0.0035625082419907545,0.0,0.0019819510679492157,0.002222284821794667,0.0035666470304718044,0.0031476295554255375,0.0017332909841644359,368.74
0.009590552623146816,0.0,0.0035625082419907545,0.0,0.0019107132047239063,0.001774697878813488,0.0035666470304718044,0.0025625489375665157,0.0018240392032306367,396.9
0.003189826413718797,0.0,0.0035625082419907545,0.0,0.002062553532913063,0.0026291820426866484,0.0035666470304718044,0.0028281790103630447,0.0018058895594173963,396.9
0.002962163472466163,0.0,0.0035625082419907545,0.0,0.0020832894367626836,0.0028388906103771314,0.0035666470304718044,0.0022344176711708032,0.0017786650936975363,395.33
0.0026176177111587352,0.0,0.0035625082419907545,0.0,0.00215285504967754,0.0023474839666845077,0.0035666470304718044,0.0024931031669007567,0.002105358682335859,393.37
0.00340848200617775,0.0,0.0035625082419907545,0.0,0.002334461433392765,0.0021158655486383025,0.0035666470304718044,0.0020243442149068818,0.002704296928172785,374.68
0.005908901493374421,0.0,0.0035625082419907545,0.0,0.0018150604869659791,0.002985999605622694,0.0035666470304718044,0.0031493656996921817,0.0012523254231135714,352.58
0.004689337273603442,0.0,0.0035625082419907545,0.0,0.00206088128260261,0.003048599178067614,0.0035666470304718044,0.004184107682611994,0.001206951313580471,302.76
0.003573166855620502,0.0,0.0035625082419907545,0.0,0.0021685742025958007,0.0029296599904222653,0.0035666470304718044,0.0032431174900909563,0.0015154952584055536,396.21
0.011019625722065902,0.0,0.0035625082419907545,0.0,0.0017739231293288288,0.0030454691994453676,0.0035666470304718044,0.0043247353682101565,0.00108897862879441,349.48
0.007505879495580253,0.0,0.0035625082419907545,0.0,0.002068573634030695,0.003026689327711892,0.0035666470304718044,0.003130268112759098,0.001324923998366532,379.7
0.010513732524753119,0.0,0.0035625082419907545,0.0,0.0020832894367626836,0.002754381187576489,0.0035666470304718044,0.0022760851335702588,0.0019420118880166975,383.32
0.00427189653484358,0.0,0.0035625082419907545,0.0,0.0020876372875698623,0.0020250961685931686,0.0035666470304718044,0.0018646189423756356,0.002087209038522619,396.9
0.004186935524194399,0.0,0.0035625082419907545,0.0,0.0022575379191119146,0.0023443539880622618,0.0035666470304718044,0.0013437756623824414,0.0021507327918689595,393.07
0.0042037912957969045,0.0,0.0035625082419907545,0.0,0.002361551888422108,0.0024100835391294277,0.0035666470304718044,0.0012170371309174306,0.0022687054766550208,395.28
0.0020672745678445687,0.0,0.0035625082419907545,0.0,0.0019271012577663483,0.001261381384765142,0.0035666470304718044,0.001809062325843028,0.001978311175643178,392.92
0.0017446750505035005,0.0,0.0035625082419907545,0.0,0.00196355631453423,0.0013114610427210783,0.0035666470304718044,0.0023160164517030705,0.0018694133127637371,370.73
0.0026946276093548624,0.0,0.0035625082419907545,0.0,0.0021110487919162083,0.0016244589049456792,0.0035666470304718044,0.0018368406341093318,0.0019238622442034575,388.62
0.004174884160946829,0.0,0.0035625082419907545,0.0,0.0020448276796222586,0.002497722940552316,0.0035666470304718044,0.0026007441114326837,0.0017332909841644359,392.68
0.0035469516564441083,0.0,0.0035625082419907545,0.0,0.001974927616645312,0.0016651486270348776,0.0035666470304718044,0.001987885185307358,0.0018694133127637371,388.22
0.00011065542662984822,0.0,0.005459888322255442,0.0,0.001824090638642427,0.0029014901828220514,0.003807636694692872,0.0031354765455590293,0.0013793729298062524,395.09
0.00013450142901441913,0.0,0.005459888322255442,0.0,0.0018107126361588007,0.003076768985667828,0.003807636694692872,0.004161537807145622,0.0006352375334634058,344.05
0.00015217138279615745,0.0,0.005459888322255442,0.0,0.001703354166227701,0.00306737904980109,0.003807636694692872,0.0051528761833993355,0.0007350605744362266,318.43
7.756002129020384e-05,0.0,0.005459888322255442,0.0,0.0020010147214883827,0.003092418878779058,0.003807636694692872,0.0031372126898256735,0.0012341757793003312,390.11
8.165293711013326e-05,0.0,0.005459888322255442,0.0,0.0020010147214883827,0.0026135321495754185,0.003807636694692872,0.0023177525959697143,0.0018240392032306367,396.9
0.00012712244457920585,0.0,0.0019072212632536135,0.0,0.0019087065043513624,0.0016901884560128456,0.0020939324157875005,0.002085109264239421,0.001978311175643178,396.9
0.00020506388454796941,0.0,0.0019072212632536135,0.0,0.0019819510679492157,0.0013333708930768004,0.0020939324157875005,0.0023594200583691703,0.0022233313671219204,396.9
0.00013128871014501215,0.0,0.0019072212632536135,0.0,0.001896331852054008,0.000901433843206851,0.0020939324157875005,0.0030556139092934066,0.002096283860429239,393.29
0.00021242086405941967,0.0,0.0019072212632536135,0.0,0.001802685834668625,0.0022817544156173417,0.0020939324157875005,0.0036702089796853757,0.0017877399156041563,396.9
0.00019685604798434753,0.0,0.0019072212632536135,0.0,0.001937803659753249,0.002209764907305683,0.0020939324157875005,0.002447963415968013,0.0016606924089114753,396.9
0.00017539391234077493,0.0,0.0019072212632536135,0.0,0.0020130549237236464,0.0020438760403266444,0.0020939324157875005,0.0022430983925040234,0.0019238622442034575,396.9
0.00013043785309284044,0.0,0.0019072212632536135,0.0,0.0018625523957828522,0.0023005342873508175,0.0020939324157875005,0.0026215778426324113,0.0015880938336585145,395.77
0.00016458215979852408,0.0,0.0019072212632536135,0.0,0.002015730524220372,0.0024945929619300702,0.0020939324157875005,0.002487894734100825,0.0015245700803121738,396.9
4.5938945842684576e-05,0.0,0.0023481062611574416,0.0,0.002205029259363682,0.002162815227971993,0.001462003962941145,0.0016788515058447295,0.0020327601070828983,391.99
3.320542995845969e-05,0.0,0.0023481062611574416,0.0,0.0020468343799948025,0.00240069360326269,0.001462003962941145,0.0015764189941127346,0.0018694133127637371,396.9
4.4567305594787074e-05,0.0,0.0023481062611574416,0.0,0.0023331236331444022,0.0028482805462438695,0.001462003962941145,0.0009791853663872051,0.0021688824356821995,396.9
8.03839865064634e-05,0.0,0.0023481062611574416,0.0,0.0022722537218439033,0.002795070909665687,0.001462003962941145,0.0011250214847852997,0.0019964608194564183,393.45
3.477511452022474e-05,0.0,0.0023481062611574416,0.0,0.0020167338744066436,0.0025290227267747763,0.001462003962941145,0.001368081682115457,0.0010799038068877898,396.9
